反馈日期,客户名称,产品型号,生产产线,责任部门,责任工序,轴号,规格,厚度,轴数,涉及数量,批次号,机台编号,班组,生产日期,数据分类,反馈内容,紧急程度,闭环状态,是否重复发生,缺陷位置,原因分析,纠正措施,改善措施,经验总结,复盘结论,产品用途,使用场景,客户联系人,联系电话,备注,现场照片/视频,8D报告附件
2026.4.10,深圳市明辉光电有限公司,BOPET-12μm-A,一号产线,生产部,分切工序,RL-2026-0410-A,1200*8000*12μm,12μm,3,3,BT-2026-0410,M-01,A班,2026.4.5,成品外观,客户反馈产品表面有轻微划痕位于膜卷外层200-500米处划痕呈纵向分布宽度约2-3mm,紧急,closed,false,膜面正面,分切工序刀片使用超过规定寿命已使用15天规定10天更换刀刃磨损产生毛刺在高速分切过程中划伤膜面,"1.立即更换磨损刀片
2.将刀片更换频率从10天缩短至7天
3.增加每班次开始前的刀片目视检查",建立全产线刀片寿命管理系统预设更换周期并自动预警,定期更换易损件是保证产品质量的关键措施应建立完善的设备维护台账,整改措施已于4月13日验证完成后续3个批次均无复现问题已彻底解决,食品包装,食品级包装薄膜,张经理,138-0013-8000,首次反馈已闭环处理客户对响应速度表示满意,/,
2026.4.20,东莞华星薄膜科技有限公司,BOPET-23μm-A,二号产线,生产部,横拉工序,"RL-2026-0420-B
RL-2026-0421-B",1500*12000*23μm,23μm,1,2,BT-2026-0415,M-03,B班,2026.4.15,膜面平整性,膜面出现周期性横向条纹间距约50cm条纹处厚度偏差约±0.5μm客户在涂胶工序发现涂胶不均匀涂布量波动超过±10%,特急,processing,true,整体,初步分析为横拉工序温度波动导致拉伸不均匀横拉区段3号温控仪存在±3°C的周期性波动与条纹间距吻合,"1.已校准横拉段温控系统PID参数
2.增加温度监测点位至每2米一个
3.正在评估3号温控仪是否需要更换",/,/,/,工业胶带基膜,涂胶基材,李工,139-0013-9000,正在验证温控系统校准效果预计4月28日完成验证报告,视频,/
2026.5.10,苏州鑫源新材料股份有限公司,BOPET-36μm-A,三号产线,生产部,涂布工序,"RL-2026-0510-1
RL-2026-0510-2
RL-2026-0510-3
RL-2026-0510-4
RL-2026-0510-5",1000*6000*36μm,36μm,5,5,BT-2026-0505,M-05,C班,2026.5.5,涂布表观,涂布层出现局部脱落脱落区域呈点状分布直径1-3mm密度约5个每平方米在加速老化测试中脱落面积扩大严重影响产品耐候性客户已暂停使用该批次产品,特急,pending,false,膜面正面,/,/,/,/,太阳能背板,光伏组件背材,王总,137-0013-7000,待技术部联合分析涂布配方及工艺参数已通知研发部门介入,/,
2026.5.25,上海博科光学薄膜有限公司,BOPET-25μm-A,四号产线,生产部,挤出工序,RL-2026-0525-A,1300*10000*25μm,25μm,2,2,BT-2026-0520,M-07,A班,2026.5.20,规格尺寸,客户反馈膜卷厚度偏差超出规格要求规格要求25±0.5μm实测局部区域厚度达26.2μm偏差达+1.2μm主要分布在膜卷两端100米范围内,紧急,closed,false,边缘,挤出工序模头两端温度偏高设定265°C实测272°C导致两端熔体流动速率增大厚度偏厚原因是模头温控分区3和7的热电偶老化显示值偏低导致加热器持续加热,"1.更换模头分区3和7的热电偶
2.校准全部温控分区
3.建立热电偶定期校准制度每季度一次",引入在线测厚仪与模头温控联动系统实现厚度自动闭环控制,温度传感器的准确性直接影响产品厚度精度应纳入关键控制点管理,更换热电偶后连续3个批次厚度偏差控制在±0.3μm以内问题已解决,光学保护膜,光学级保护膜,赵经理,136-0013-6000,已闭环客户对整改效果满意恢复正常供货,/,
2026.6.8,成都天佑聚酯科技有限公司,BOPET-50μm-A,二号产线,质量部,过程检验,RL-2026-0601,1000*8000*50μm,50μm,1,1,BT-2026-0603,M-03,B班,2026.6.3,物理特性,客户反馈产品拉伸强度低于规格要求规格要求MD≥230MPa实测MD=198MPa断裂伸长率正常客户要求提供原因分析报告,紧急,processing,false,整体,"初步分析:1.纵拉和横拉拉伸比可能偏离工艺标准2.原料批次切换可能导致分子量分布变化正在调取生产过程数据和原料检测报告进行对比分析","1.正在核查拉伸比参数设定
2.已取样送第三方实验室进行分子量分布测试
3.暂时切换至备用原料批次",/,/,绝缘材料,电机绝缘薄膜,孙工,135-0013-5000,等待实验室测试结果预计6月15日出报告,/,
2026.6.15,杭州恒达包装材料有限公司,/,/,仓储部,/,/,/,/,/,/,/,/,/,/,包装运输,客户收货时发现木托盘破损导致3卷产品外包装变形其中1卷膜卷端面有压痕要求赔偿并改善包装方案,一般,closed,false,/,/,/,/,已与客户协商赔偿方案包装方案已升级为钢带固定加护角,/,/,/,包装材料,物流运输,/,/,已闭环包装方案已升级,/,
