反馈日期,客户,责任部门,产品型号,轴号,规格,反馈内容,图片/视频,数量(轴),生产日期,数据分类,记录类型,8D报告,产品用途,改善措施,备注
2026.1.4,深圳市明辉光电有限公司,生产部,BOPET-12μm-A,H1585041-121L,100*970*3000,析出掉粉，涂层附着力受环境影响下降,/,2,2025.8.16,成品外观,技术类,/,食品包装,优化涂层配方提升附着力,正常记录
2026.1.15,东莞华星薄膜科技有限公司,生产部,BOPET-23μm-A,"H15A6700-132CR
H15B6872-121CL",125*1060*2500,高雾POP原材波浪翘，半成品对应位置出现月牙状黑印,视频,1,2025.10.25,膜面平整性,技术类,/,工业包装,调整收卷张力参数,多轴号记录
2026.1.19,深圳市明辉光电有限公司,生产部,BOPET-25μm-A,"H15B7111-221L
H15C7738-111L
H15B7118-141R
H1585108-132C","125*800*1500
125*800*2000
125*800*1500
125*1210*2000",使用基材背涂产生彩虹纹问题，涂层厚度不均,视频,4,"20251111
20251210
20251112
20250819",成品外观,技术类,/,电子包装,"1.优化涂布工艺参数
2.加强过程管控
3.定期检测涂层厚度",复杂多行数据
2026.3.13,深圳市明辉光电有限公司,生产部,BOPET-12μm-A,H1620827-221,125*990*2000,管底杂质鼓包脱涂,/,1,2026/2/11,成品外观,技术类,/,/,/,空字段测试
2026.3.27,苏州鑫源新材料股份有限公司,生产部,BOPET-50μm-A,H1631270-221C,50*1830*4500,热皱导致膜面不平整,/,视频,1,2026.3.20,膜面平整性,技术类,/,/,/,斜杠日期格式
