客诉编号,反馈日期,客户名称,产品型号,轴号,规格,数量,反馈内容,缺陷来源,具体不良点,客诉分类,严重等级,责任部门,责任工序,根本原因分析,纠正措施,经验教训,复盘结论,客户诉求,处置结果,产品用途,改善措施,备注
CP-2025-0001,2025-03-10,华为技术,PM-100,H1585041-121L,100*970*3000,5,涂层附着力不良,涂布工序,涂层脱落,涂布表观,高,生产部,涂布工序,前处理不充分,加强前处理工艺控制,定期检测前处理效果,已标准化,退货,补货,电子包装,优化涂层配方,客户已确认
CP-2025-0002,2025-03-12,比亚迪,PM-120,H1585039-131CL,120*970*3000,3,晶点过多,原材料,晶点,膜面平整性,中,质量部,挤出工序,原材料杂质,加强来料检验,建立供应商评估机制,已闭环,换货,补货,工业包装,更换供应商,客户满意
CP-2025-0003,2025-03-14,宁德时代,PM-150,H1585042-141L,150*970*3000,2,厚度偏差超标,纵拉工序,厚度不均,物理特性,高,生产部,纵拉工序,拉伸比异常,调整拉伸参数,定期校准设备,处理中,返工,返工,食品包装,优化工艺参数,待客户确认
CP-2025-0004,2025-03-16,格力电器,PM-100,H1585043-151CL,100*970*3000,8,分切毛边严重,分切工序,毛边,成品外观,低,生产部,分切工序,刀具磨损,更换刀具,建立刀具更换周期,已结案,让步接收,补货,家电包装,优化刀具管理,客户已接受
CP-2025-0005,2025-03-18,美的集团,PM-120,H1585044-161L,120*970*3000,4,热收缩率异常,横拉工序,热收缩不均,匹配性不良,中,技术部,横拉工序,温度控制不当,优化温控系统,增加温度监控点,已标准化,退货,补货,工业包装,升级温控设备,客户已确认
CP-2025-0006,2025-03-20,小米科技,PM-150,H1585045-171L,150*970*3000,1,收卷不齐,收卷工序,收卷偏移,成品外观,低,生产部,收卷工序,张力不均,校准张力系统,定期维护张力系统,已结案,换货,补货,电子包装,优化张力控制,客户满意
CP-2025-0007,2025-03-22,OPPO,PM-100,H1585046-181CL,100*970*3000,6,宽度超差,分切工序,宽度偏差,成品外观,中,质量部,分切工序,设备精度下降,设备维护保养,建立设备精度检测标准,处理中,返工,返工,手机包装,设备升级改造,待客户确认
CP-2025-0008,2025-03-24,vivo,PM-120,H1585047-191L,120*970*3000,2,涂层脱落,涂布工序,附着力不良,涂布表观,高,生产部,涂布工序,前处理不良,加强前处理,优化前处理工艺,已标准化,退货,补货,电子包装,改进前处理工艺,客户已确认
CP-2025-0009,2025-03-26,联想集团,PM-150,H1585048-201L,150*970*3000,3,气泡过多,挤出工序,气泡,膜面平整性,中,技术部,挤出工序,原料含水率高,原料烘干处理,增加原料烘干工序,已结案,换货,补货,电脑包装,优化烘干工艺,客户满意
CP-2025-0010,2025-03-28,海尔智家,PM-100,H1585049-211CL,100*970*3000,7,划伤严重,包装运输,表面划伤,划伤,低,仓储部,包装工序,包装不当,改进包装方式,加强包装培训,已结案,让步接收,补货,家电包装,优化包装流程,客户已接受
